1780747903.158	2026-06-06 20:11:43	symexec_rerun_start	
1780747903.450	2026-06-06 20:11:43	symexec_rerun_done	ok preserved=0 admitted=7 changed=0
1780747987.798	2026-06-06 20:13:07	symexec_rerun_start	
1780747988.144	2026-06-06 20:13:08	symexec_rerun_done	ok preserved=0 admitted=7 changed=0
1780748073.714	2026-06-06 20:14:33	symexec_rerun_start	
1780748074.387	2026-06-06 20:14:34	symexec_rerun_done	ok preserved=0 admitted=5 changed=0
1780748547.933	2026-06-06 20:22:27	symexec_rerun_start	
1780748548.570	2026-06-06 20:22:28	symexec_rerun_done	ok preserved=1 admitted=4 changed=0
1780748842.920	2026-06-06 20:27:22	symexec_rerun_start	
1780748843.578	2026-06-06 20:27:23	symexec_rerun_done	ok preserved=1 admitted=4 changed=0
1780748895.367	2026-06-06 20:28:15	symexec_rerun_start	
1780748896.068	2026-06-06 20:28:16	symexec_rerun_done	ok preserved=0 admitted=5 changed=1
1780749416.404	2026-06-06 20:36:56	symexec_rerun_start	
1780749417.144	2026-06-06 20:36:57	symexec_rerun_done	ok preserved=0 admitted=5 changed=0
