1780733581.950	2026-06-06 16:13:01	symexec_rerun_start	
1780733582.411	2026-06-06 16:13:02	symexec_rerun_done	ok preserved=0 admitted=5 changed=0
1780734208.465	2026-06-06 16:23:28	symexec_rerun_start	
1780734208.938	2026-06-06 16:23:28	symexec_rerun_done	ok preserved=1 admitted=4 changed=4
1780734581.478	2026-06-06 16:29:41	symexec_rerun_start	
1780734581.935	2026-06-06 16:29:41	symexec_rerun_done	ok preserved=5 admitted=0 changed=0
1780734704.018	2026-06-06 16:31:44	symexec_rerun_start	
1780734704.332	2026-06-06 16:31:44	symexec_rerun_done	fail rc=1
1780734758.340	2026-06-06 16:32:38	symexec_rerun_start	
1780734758.854	2026-06-06 16:32:38	symexec_rerun_done	ok preserved=2 admitted=4 changed=3
1780734834.149	2026-06-06 16:33:54	symexec_rerun_start	
1780734834.783	2026-06-06 16:33:54	symexec_rerun_done	ok preserved=2 admitted=3 changed=0
